{
  "summary": {
    "total_tests": 10,
    "passed": 9,
    "failed": 1,
    "success_rate": 90.0,
    "timestamp": "2025-09-25T06:42:56.797861"
  },
  "performance_metrics": {
    "initialization_time": 7.867813110351562e-06,
    "energy_processing_time": 0.0021452903747558594,
    "membrane_update_time": 2.86102294921875e-05,
    "connection_formation_time": 0.0032663345336914062,
    "connectivity_ratio": 0.0563265306122449,
    "hebbian_learning_time": 0.0010180473327636719,
    "large_graph_creation_time": 1.4240379333496094,
    "large_graph_update_time": 0.0007236003875732422,
    "spatial_query_time": 0.0029172897338867188,
    "nodes_created": 10000,
    "spatial_query_results": 1257,
    "sensory_processing_time": 0.00015854835510253906,
    "cache_hit_rate": 1.0,
    "cache_operation_time": 0.0009212493896484375,
    "lazy_load_time": 1.0013580322265625e-05,
    "memory_pool_time": 0.0,
    "memory_return_time": 0.0,
    "gc_time": 0.0985572338104248,
    "objects_collected": 14,
    "stability_test_time": 7.152557373046875e-06,
    "stability_rate": 0.0,
    "stable_steps": 0
  },
  "errors": [
    "System Stability: Stability too low: 0.00"
  ],
  "recommendations": [
    "Fix 1 failed tests",
    "Investigate stability issues in simulation steps"
  ]
}