{
  "summary": {
    "total_tests": 10,
    "passed": 10,
    "failed": 0,
    "success_rate": 100.0,
    "timestamp": "2025-09-24T03:16:15.671564"
  },
  "performance_metrics": {
    "initialization_time": 9.298324584960938e-06,
    "energy_processing_time": 0.002168416976928711,
    "membrane_update_time": 3.552436828613281e-05,
    "connection_formation_time": 0.0019903182983398438,
    "connectivity_ratio": 0.04,
    "hebbian_learning_time": 0.0010044574737548828,
    "large_graph_creation_time": 1.4170165061950684,
    "large_graph_update_time": 0.0007381439208984375,
    "spatial_query_time": 0.003156900405883789,
    "nodes_created": 10000,
    "spatial_query_results": 1257,
    "sensory_processing_time": 0.0001590251922607422,
    "cache_hit_rate": 1.0,
    "cache_operation_time": 0.0009579658508300781,
    "lazy_load_time": 9.298324584960938e-06,
    "memory_pool_time": 0.0,
    "memory_return_time": 0.0,
    "gc_time": 0.09876227378845215,
    "objects_collected": 14,
    "stability_test_time": 0.5177273750305176,
    "stability_rate": 1.0,
    "stable_steps": 50
  },
  "errors": [],
  "recommendations": []
}