{
  "summary": {
    "total_tests": 10,
    "passed": 10,
    "failed": 0,
    "success_rate": 100.0,
    "timestamp": "2025-09-18T02:36:24.053243"
  },
  "performance_metrics": {
    "initialization_time": 0.09936213493347168,
    "energy_processing_time": 0.0022225379943847656,
    "membrane_update_time": 2.193450927734375e-05,
    "connection_formation_time": 0.0007162094116210938,
    "connectivity_ratio": 0.04,
    "hebbian_learning_time": 0.0006444454193115234,
    "large_graph_creation_time": 1.3789453506469727,
    "large_graph_update_time": 0.1563260555267334,
    "spatial_query_time": 0.003036022186279297,
    "nodes_created": 10000,
    "spatial_query_results": 1257,
    "sensory_processing_time": 0.00017023086547851562,
    "cache_hit_rate": 1.0,
    "cache_operation_time": 0.0011196136474609375,
    "lazy_load_time": 1.2874603271484375e-05,
    "memory_pool_time": 0.0,
    "memory_return_time": 0.0,
    "gc_time": 0.09992551803588867,
    "objects_collected": 14,
    "stability_test_time": 0.0024573802947998047,
    "stability_rate": 1.0,
    "stable_steps": 50
  },
  "errors": [],
  "recommendations": []
}